epoch,accuracy,loss,val_accuracy,val_loss
0,0.006500000134110451,5.297214031219482,0.007000000216066837,5.275333404541016
